-- MySQL Administrator dump 1.4
--
-- ------------------------------------------------------
-- Server version	5.5.9


/*!40101 SET @OLD_CHARACTER_SET_CLIENT=@@CHARACTER_SET_CLIENT */;
/*!40101 SET @OLD_CHARACTER_SET_RESULTS=@@CHARACTER_SET_RESULTS */;
/*!40101 SET @OLD_COLLATION_CONNECTION=@@COLLATION_CONNECTION */;
/*!40101 SET NAMES utf8 */;

/*!40014 SET @OLD_UNIQUE_CHECKS=@@UNIQUE_CHECKS, UNIQUE_CHECKS=0 */;
/*!40014 SET @OLD_FOREIGN_KEY_CHECKS=@@FOREIGN_KEY_CHECKS, FOREIGN_KEY_CHECKS=0 */;
/*!40101 SET @OLD_SQL_MODE=@@SQL_MODE, SQL_MODE='NO_AUTO_VALUE_ON_ZERO' */;


--
-- Create schema commandcenter_db
--

CREATE DATABASE IF NOT EXISTS commandcenter_db;
USE commandcenter_db;

--
-- Definition of table `missioncomplete`
--

DROP TABLE IF EXISTS `missioncomplete`;
CREATE TABLE `missioncomplete` (
  `missionComplete` tinyint(1) NOT NULL,
  PRIMARY KEY (`missionComplete`)
) ENGINE=InnoDB DEFAULT CHARSET=latin1;

--
-- Dumping data for table `missioncomplete`
--

/*!40000 ALTER TABLE `missioncomplete` DISABLE KEYS */;
INSERT INTO `missioncomplete` (`missionComplete`) VALUES 
 (0);
/*!40000 ALTER TABLE `missioncomplete` ENABLE KEYS */;


--
-- Definition of table `missionlookup`
--

DROP TABLE IF EXISTS `missionlookup`;
CREATE TABLE `missionlookup` (
  `missionID` int(10) unsigned NOT NULL AUTO_INCREMENT,
  `missionDescription` varchar(45) NOT NULL,
  PRIMARY KEY (`missionID`)
) ENGINE=InnoDB AUTO_INCREMENT=14 DEFAULT CHARSET=latin1;

--
-- Dumping data for table `missionlookup`
--

/*!40000 ALTER TABLE `missionlookup` DISABLE KEYS */;
INSERT INTO `missionlookup` (`missionID`,`missionDescription`) VALUES 
 (1,'Scanning'),
 (13,'Moving');
/*!40000 ALTER TABLE `missionlookup` ENABLE KEYS */;


--
-- Definition of table `robots`
--

DROP TABLE IF EXISTS `robots`;
CREATE TABLE `robots` (
  `serialNum` varchar(10) NOT NULL,
  `robotType` int(10) unsigned NOT NULL,
  `currentMission` int(10) unsigned NOT NULL,
  `ipaddr` varchar(20) NOT NULL,
  PRIMARY KEY (`serialNum`),
  KEY `FK_robots_1` (`robotType`),
  KEY `FK_robots_2` (`currentMission`),
  CONSTRAINT `FK_robots_1` FOREIGN KEY (`robotType`) REFERENCES `robottypelookup` (`typeID`),
  CONSTRAINT `FK_robots_2` FOREIGN KEY (`currentMission`) REFERENCES `missionlookup` (`missionID`)
) ENGINE=InnoDB DEFAULT CHARSET=latin1;

--
-- Dumping data for table `robots`
--

/*!40000 ALTER TABLE `robots` DISABLE KEYS */;
INSERT INTO `robots` (`serialNum`,`robotType`,`currentMission`,`ipaddr`) VALUES 
 ('22240',3,1,'225.6.5.1:4444'),
 ('22242',2,1,'225.6.6.3:4444'),
 ('22243',1,13,'225.6.13.2:4443'),
 ('22244',1,1,'225.6.11.2:4443'),
 ('22245',2,13,'127.0.0.1:1234');
/*!40000 ALTER TABLE `robots` ENABLE KEYS */;


--
-- Definition of table `robotstate`
--

DROP TABLE IF EXISTS `robotstate`;
CREATE TABLE `robotstate` (
  `locID` int(10) unsigned NOT NULL AUTO_INCREMENT,
  `serialNum` varchar(10) NOT NULL,
  `latitude` double NOT NULL,
  `longitude` double NOT NULL,
  `elevation` float NOT NULL,
  `bearing` float NOT NULL,
  `speed` float NOT NULL,
  `timeStamp` timestamp NOT NULL DEFAULT CURRENT_TIMESTAMP ON UPDATE CURRENT_TIMESTAMP,
  PRIMARY KEY (`locID`),
  KEY `FK_location_1` (`serialNum`),
  CONSTRAINT `FK_robotstate_1` FOREIGN KEY (`serialNum`) REFERENCES `robots` (`serialNum`)
) ENGINE=InnoDB AUTO_INCREMENT=400 DEFAULT CHARSET=latin1;

--
-- Dumping data for table `robotstate`
--

/*!40000 ALTER TABLE `robotstate` DISABLE KEYS */;
INSERT INTO `robotstate` (`locID`,`serialNum`,`latitude`,`longitude`,`elevation`,`bearing`,`speed`,`timeStamp`) VALUES 
 (137,'22240',-1,-1,-1,-1,0,'2011-04-15 15:56:51'),
 (138,'22240',41.3910383333,-73.9525433333,8,1,1,'2011-04-15 15:57:58'),
 (139,'22240',41.3910466667,-73.952545,7.7,357,1,'2011-04-15 15:58:08'),
 (140,'22240',41.391095,-73.9525333333,10.1,356,1,'2011-04-15 15:58:19'),
 (141,'22240',41.3910983333,-73.9525433333,9.8,357,1,'2011-04-15 15:58:29'),
 (142,'22240',41.391105,-73.9525516667,9.5,358,1,'2011-04-15 15:58:39'),
 (143,'22240',41.3911183333,-73.9525566667,9.2,1,1,'2011-04-15 15:58:49'),
 (144,'22240',41.3911316667,-73.9525683333,9,4,1,'2011-04-15 15:59:02'),
 (145,'22240',41.39117,-73.9525783333,8.9,15,1,'2011-04-15 15:59:11'),
 (146,'22240',41.3912016667,-73.9525866667,8.2,18,1,'2011-04-15 15:59:21'),
 (147,'22240',41.3912283333,-73.952595,6.8,12,1,'2011-04-15 15:59:31'),
 (148,'22240',41.39126,-73.952605,6.2,17,1,'2011-04-15 15:59:44'),
 (149,'22240',41.3912833333,-73.9526183333,4.9,22,1,'2011-04-15 15:59:56'),
 (150,'22240',41.3912983333,-73.952625,4,39,1,'2011-04-15 16:00:07'),
 (151,'22240',41.3913116667,-73.9526333333,3.2,34,1,'2011-04-15 16:00:16'),
 (152,'22240',41.391325,-73.9526383333,1.7,37,1,'2011-04-15 16:00:28'),
 (153,'22240',41.3913466667,-73.9526316667,1,50,1,'2011-04-15 16:00:38'),
 (154,'22240',41.3913683333,-73.9526233333,0.3,53,1,'2011-04-15 16:00:50'),
 (155,'22240',41.3913816667,-73.9526183333,0,63,1,'2011-04-15 16:01:01'),
 (156,'22240',41.3913966667,-73.9526116667,0,67,1,'2011-04-15 16:01:12'),
 (157,'22240',41.391405,-73.9526083333,0,74,1,'2011-04-15 16:01:23'),
 (158,'22240',41.39141,-73.9526033333,0,80,1,'2011-04-15 16:01:33'),
 (159,'22240',41.391415,-73.9526,0,92,1,'2011-04-15 16:01:43'),
 (160,'22240',41.3914216667,-73.9525916667,0,89,1,'2011-04-15 16:01:57'),
 (161,'22240',41.3914266667,-73.952585,0.2,95,1,'2011-04-15 16:02:08'),
 (162,'22240',41.3914316667,-73.9525783333,0.5,98,1,'2011-04-15 16:02:17'),
 (163,'22240',41.391535,-73.9524533333,4.4,201,1,'2011-04-15 16:05:13'),
 (164,'22240',41.3915416667,-73.9524466667,4.6,206,1,'2011-04-15 16:05:23'),
 (165,'22240',41.3915466667,-73.95244,4.5,201,1,'2011-04-15 16:05:34'),
 (166,'22240',41.39155,-73.9524366667,4.6,205,1,'2011-04-15 16:05:45'),
 (167,'22240',41.3915533333,-73.9524333333,4.5,198,1,'2011-04-15 16:05:53'),
 (168,'22240',41.3915533333,-73.9524316667,4.2,201,1,'2011-04-15 16:06:04'),
 (169,'22240',41.3915516667,-73.9524283333,3.9,200,1,'2011-04-15 16:06:17'),
 (170,'22240',41.39155,-73.9524266667,3.8,200,1,'2011-04-15 16:06:27'),
 (171,'22240',41.3915483333,-73.952425,3.7,202,1,'2011-04-15 16:06:36'),
 (172,'22240',41.3915466667,-73.952425,3.8,206,1,'2011-04-15 16:06:46'),
 (173,'22240',41.391545,-73.952425,3.8,207,1,'2011-04-15 16:06:56'),
 (174,'22240',41.3915416667,-73.9524233333,3.7,202,1,'2011-04-15 16:07:06'),
 (175,'22240',41.3915383333,-73.9524233333,3.6,198,1,'2011-04-15 16:07:17'),
 (176,'22240',41.3915333333,-73.9524233333,3.6,206,1,'2011-04-15 16:07:27'),
 (177,'22240',41.3915283333,-73.9524233333,3.4,201,1,'2011-04-15 16:07:38'),
 (178,'22240',41.391525,-73.9524233333,3.4,201,1,'2011-04-15 16:07:48'),
 (179,'22240',41.39152,-73.952425,3.4,202,1,'2011-04-15 16:07:58'),
 (180,'22240',41.391515,-73.9524266667,3.4,208,1,'2011-04-15 16:08:09'),
 (181,'22240',41.39151,-73.9524283333,3.5,214,1,'2011-04-15 16:08:18'),
 (182,'22240',41.3915016667,-73.95243,3.6,206,1,'2011-04-15 16:08:29'),
 (183,'22240',41.3914916667,-73.95243,3.5,215,1,'2011-04-15 16:08:40'),
 (184,'22240',41.3914766667,-73.9524316667,3.1,215,1,'2011-04-15 16:08:54'),
 (185,'22240',41.3914683333,-73.952435,2.9,210,1,'2011-04-15 16:09:04'),
 (186,'22240',41.3914583333,-73.9524383333,2.8,205,1,'2011-04-15 16:09:14'),
 (187,'22240',41.3914466667,-73.9524433333,2.9,217,1,'2011-04-15 16:09:25'),
 (188,'22240',41.3914366667,-73.9524516667,3,213,1,'2011-04-15 16:09:35'),
 (189,'22240',41.3914233333,-73.9524583333,3.1,205,1,'2011-04-15 16:09:50'),
 (190,'22240',41.3914133333,-73.9524633333,2.9,206,1,'2011-04-15 16:09:58'),
 (191,'22240',41.391405,-73.9524666667,2.7,203,1,'2011-04-15 16:10:09'),
 (192,'22240',41.3913966667,-73.95247,2.5,205,1,'2011-04-15 16:10:19'),
 (193,'22240',41.3913883333,-73.9524733333,2.5,218,1,'2011-04-15 16:10:29'),
 (194,'22240',41.3913783333,-73.9524783333,2.6,215,1,'2011-04-15 16:10:40'),
 (195,'22240',41.3913666667,-73.952485,2.9,205,1,'2011-04-15 16:10:50'),
 (196,'22240',41.3913566667,-73.9524916667,3.2,204,1,'2011-04-15 16:10:59'),
 (197,'22240',41.3910716667,-73.9524983333,0,288,1,'2011-04-15 16:11:56'),
 (198,'22240',41.3910316667,-73.9525066667,0,289,1,'2011-04-15 16:12:06'),
 (199,'22240',41.3910066667,-73.9525116667,0.9,296,1,'2011-04-15 16:12:23'),
 (232,'22242',-1,-1,-1,-1,0,'2011-04-15 16:48:33'),
 (233,'22242',41.39108,-73.9527916667,9.1,73,1,'2011-04-15 16:50:15'),
 (234,'22242',41.39108,-73.9527933333,9,69,1,'2011-04-15 16:50:21'),
 (235,'22242',41.3910833333,-73.952795,8.9,74,1,'2011-04-15 16:50:26'),
 (236,'22242',41.3910833333,-73.9527966667,8.8,78,1,'2011-04-15 16:50:31'),
 (237,'22242',41.391085,-73.9527966667,8.7,73,1,'2011-04-15 16:50:36'),
 (238,'22242',41.3910883333,-73.9527983333,8.6,75,1,'2011-04-15 16:50:41'),
 (239,'22242',41.39109,-73.9527983333,8.4,81,1,'2011-04-15 16:50:48'),
 (240,'22242',41.3910933333,-73.9527983333,8.2,79,1,'2011-04-15 16:50:54'),
 (241,'22242',41.391095,-73.9527983333,8.1,85,1,'2011-04-15 16:51:00'),
 (242,'22242',41.3910983333,-73.9527966667,7.9,83,1,'2011-04-15 16:51:08'),
 (243,'22242',41.3911,-73.9527966667,7.8,84,1,'2011-04-15 16:51:13'),
 (244,'22242',41.3911016667,-73.9527966667,7.6,89,1,'2011-04-15 16:51:20'),
 (245,'22242',41.3911033333,-73.9527966667,7.5,94,1,'2011-04-15 16:51:24'),
 (246,'22242',41.391105,-73.952795,7.3,92,1,'2011-04-15 16:51:29'),
 (247,'22242',41.3911083333,-73.9527933333,7.1,96,1,'2011-04-15 16:51:35'),
 (248,'22242',41.3911116667,-73.9527916667,6.9,97,1,'2011-04-15 16:51:40'),
 (249,'22242',41.391115,-73.95279,6.7,97,1,'2011-04-15 16:51:49'),
 (250,'22242',41.3911183333,-73.9527866667,6.5,103,1,'2011-04-15 16:51:54'),
 (251,'22242',41.3911216667,-73.952785,6.3,108,1,'2011-04-15 16:51:59'),
 (252,'22242',41.3911266667,-73.95278,6.1,109,1,'2011-04-15 16:52:07'),
 (253,'22242',41.3911283333,-73.9527766667,5.9,112,1,'2011-04-15 16:52:12'),
 (254,'22242',41.3911316667,-73.952775,5.7,116,1,'2011-04-15 16:52:17'),
 (255,'22242',41.3911333333,-73.95277,5.5,118,1,'2011-04-15 16:52:22'),
 (256,'22242',41.3911366667,-73.9527666667,5.2,122,1,'2011-04-15 16:52:30'),
 (257,'22242',41.3911383333,-73.952765,5.1,124,1,'2011-04-15 16:52:36'),
 (258,'22242',41.3911383333,-73.9527616667,4.8,130,1,'2011-04-15 16:52:40'),
 (259,'22242',41.39114,-73.9527583333,4.7,133,1,'2011-04-15 16:52:45'),
 (260,'22242',41.3911416667,-73.9527533333,4.4,132,1,'2011-04-15 16:52:55'),
 (261,'22242',41.3911416667,-73.9527516667,4.3,137,1,'2011-04-15 16:52:59'),
 (262,'22242',41.3911416667,-73.95275,4.3,136,1,'2011-04-15 16:53:04'),
 (263,'22242',41.3911416667,-73.952745,4.2,138,1,'2011-04-15 16:53:09'),
 (264,'22242',41.3911433333,-73.95274,4.1,149,1,'2011-04-15 16:53:15'),
 (265,'22242',41.3911433333,-73.9527366667,4,148,1,'2011-04-15 16:53:22'),
 (266,'22242',41.3911433333,-73.95273,3.8,154,1,'2011-04-15 16:53:28'),
 (267,'22243',-1,-1,-1,-1,0,'2011-04-15 17:02:09'),
 (268,'22243',41.39119,-73.9524583333,0,241,1,'2011-04-15 17:02:46'),
 (269,'22243',41.3911916667,-73.9524583333,0,247,1,'2011-04-15 17:02:51'),
 (270,'22243',41.3911916667,-73.9524583333,0,247,1,'2011-04-15 17:02:57'),
 (271,'22243',41.3911916667,-73.9524566667,0,241,1,'2011-04-15 17:03:02'),
 (272,'22243',41.3911916667,-73.9524566667,0,241,1,'2011-04-15 17:03:07'),
 (273,'22243',41.3911916667,-73.9524566667,0,244,1,'2011-04-15 17:03:13'),
 (274,'22243',41.3911916667,-73.9524566667,0,243,1,'2011-04-15 17:03:18'),
 (275,'22243',41.39119,-73.9524566667,0,245,1,'2011-04-15 17:03:24'),
 (276,'22243',41.39119,-73.9524583333,0,247,1,'2011-04-15 17:03:28'),
 (277,'22243',41.39119,-73.9524583333,0,247,1,'2011-04-15 17:03:34'),
 (278,'22243',41.39119,-73.9524583333,0,241,1,'2011-04-15 17:03:39'),
 (279,'22243',41.3911883333,-73.95246,0,245,1,'2011-04-15 17:03:45'),
 (280,'22243',41.3911866667,-73.9524616667,0,242,1,'2011-04-15 17:03:50'),
 (281,'22243',41.3911866667,-73.9524616667,0,248,1,'2011-04-15 17:03:55'),
 (282,'22243',41.391185,-73.9524633333,0,242,1,'2011-04-15 17:04:01'),
 (283,'22243',41.3911833333,-73.952465,0,244,1,'2011-04-15 17:04:06'),
 (284,'22243',41.3911816667,-73.9524666667,0,245,1,'2011-04-15 17:04:11'),
 (285,'22243',41.3911783333,-73.95247,0,245,1,'2011-04-15 17:04:17'),
 (286,'22243',41.3911766667,-73.9524733333,0,250,1,'2011-04-15 17:04:22'),
 (287,'22243',41.391175,-73.952475,0,248,1,'2011-04-15 17:04:29'),
 (288,'22243',41.3911733333,-73.9524783333,0,249,1,'2011-04-15 17:04:35'),
 (289,'22243',41.3911716667,-73.9524816667,0,246,1,'2011-04-15 17:04:40'),
 (290,'22243',41.39117,-73.9524833333,0,248,1,'2011-04-15 17:04:45'),
 (291,'22243',41.3911666667,-73.9524866667,0,252,1,'2011-04-15 17:04:50'),
 (292,'22243',41.391165,-73.95249,0,245,1,'2011-04-15 17:04:55'),
 (293,'22243',41.3911616667,-73.9524966667,0,247,1,'2011-04-15 17:05:00'),
 (294,'22243',41.39116,-73.9525016667,0,246,1,'2011-04-15 17:05:05'),
 (295,'22243',41.3911566667,-73.9525066667,0,246,1,'2011-04-15 17:05:13'),
 (296,'22244',-1,-1,-1,-1,0,'2011-04-15 17:11:31'),
 (297,'22244',41.3910233333,-73.9527783333,2.6,35,1,'2011-04-15 17:11:59'),
 (298,'22244',41.3910216667,-73.95278,2.4,32,1,'2011-04-15 17:12:07'),
 (299,'22244',41.3910216667,-73.9527816667,2.4,38,1,'2011-04-15 17:12:12'),
 (300,'22244',41.3910266667,-73.9527766667,1.8,36,1,'2011-04-15 17:12:17'),
 (301,'22244',41.39103,-73.952775,1.6,34,1,'2011-04-15 17:12:22'),
 (302,'22244',41.3910383333,-73.952775,1.4,40,1,'2011-04-15 17:12:29'),
 (303,'22244',41.3910466667,-73.95277,1.2,45,1,'2011-04-15 17:12:33'),
 (304,'22244',41.3910566667,-73.9527633333,0.8,42,1,'2011-04-15 17:12:39'),
 (305,'22244',41.391065,-73.95276,0,48,1,'2011-04-15 17:12:44'),
 (306,'22244',41.3911083333,-73.9527316667,0,31,1,'2011-04-15 17:13:32'),
 (307,'22244',41.3911133333,-73.9527266667,0,28,1,'2011-04-15 17:13:37'),
 (308,'22244',41.39112,-73.9527233333,0,30,1,'2011-04-15 17:13:43'),
 (309,'22244',41.3911333333,-73.9527166667,0,27,1,'2011-04-15 17:13:49'),
 (310,'22244',41.39114,-73.95271,0,28,1,'2011-04-15 17:13:55'),
 (311,'22244',41.3911483333,-73.9527066667,0,27,1,'2011-04-15 17:13:59'),
 (312,'22244',41.3911583333,-73.9526983333,0,29,1,'2011-04-15 17:14:05'),
 (313,'22244',41.3911683333,-73.952695,0,31,1,'2011-04-15 17:14:10'),
 (314,'22244',41.3911766667,-73.9526933333,0,30,1,'2011-04-15 17:14:16'),
 (315,'22244',41.3911883333,-73.9526916667,0,31,1,'2011-04-15 17:14:21'),
 (316,'22244',41.3911983333,-73.9526883333,0,26,1,'2011-04-15 17:14:27'),
 (317,'22244',41.3912116667,-73.9526816667,0,31,1,'2011-04-15 17:14:33'),
 (318,'22244',41.3912283333,-73.9526766667,0,35,1,'2011-04-15 17:14:39'),
 (319,'22244',41.3912383333,-73.9526733333,0,33,1,'2011-04-15 17:14:44'),
 (320,'22244',41.3912533333,-73.9526666667,0,31,1,'2011-04-15 17:14:50'),
 (321,'22244',41.391265,-73.9526583333,0,36,1,'2011-04-15 17:14:56'),
 (322,'22244',41.3912766667,-73.95265,0,35,1,'2011-04-15 17:15:02'),
 (323,'22244',41.39129,-73.9526483333,0,34,1,'2011-04-15 17:15:07'),
 (324,'22244',41.3913016667,-73.9526433333,0,40,1,'2011-04-15 17:15:12'),
 (325,'22244',41.391325,-73.9526316667,0,43,1,'2011-04-15 17:15:22'),
 (326,'22244',41.3913466667,-73.9526233333,0,43,1,'2011-04-15 17:15:27'),
 (327,'22244',41.391355,-73.9526183333,0,52,1,'2011-04-15 17:15:32'),
 (328,'22244',41.3913633333,-73.9526116667,0,50,1,'2011-04-15 17:15:38'),
 (329,'22244',41.3913816667,-73.9526,0,55,1,'2011-04-15 17:15:45'),
 (330,'22244',41.3913916667,-73.952595,0,60,1,'2011-04-15 17:15:50'),
 (331,'22244',41.3914,-73.9525866667,0,67,1,'2011-04-15 17:15:55'),
 (332,'22244',41.3915016667,-73.9525333333,0,230,1,'2011-04-15 17:17:19'),
 (333,'22244',41.3914983333,-73.9525333333,0,229,1,'2011-04-15 17:17:24'),
 (334,'22244',41.3914983333,-73.9525333333,0,229,1,'2011-04-15 17:17:31'),
 (335,'22244',41.391495,-73.9525366667,0,230,1,'2011-04-15 17:17:37'),
 (336,'22244',41.3914883333,-73.95254,0,228,1,'2011-04-15 17:17:43'),
 (337,'22244',41.3914816667,-73.9525433333,0,232,1,'2011-04-15 17:17:49'),
 (338,'22244',41.3914766667,-73.95255,0,232,1,'2011-04-15 17:17:55'),
 (339,'22244',41.39147,-73.9525566667,0,226,1,'2011-04-15 17:18:00'),
 (340,'22244',41.3914633333,-73.9525633333,0,227,1,'2011-04-15 17:18:05'),
 (341,'22244',41.39145,-73.95258,0,227,1,'2011-04-15 17:18:12'),
 (342,'22244',41.3914433333,-73.9525883333,0,233,1,'2011-04-15 17:18:17'),
 (343,'22244',41.391435,-73.9525966667,0,226,1,'2011-04-15 17:18:22'),
 (344,'22244',41.39143,-73.9526066667,0,230,1,'2011-04-15 17:18:28'),
 (345,'22244',41.3914083333,-73.9526316667,0,229,1,'2011-04-15 17:18:40'),
 (346,'22244',41.391395,-73.9526433333,0,234,1,'2011-04-15 17:18:47'),
 (347,'22244',41.3913833333,-73.95266,0,231,1,'2011-04-15 17:18:55'),
 (348,'22244',41.3913783333,-73.952665,0,229,1,'2011-04-15 17:18:58'),
 (349,'22244',41.39137,-73.9526733333,0,228,1,'2011-04-15 17:19:05'),
 (350,'22244',41.3913583333,-73.9526866667,0,228,1,'2011-04-15 17:19:10'),
 (351,'22244',41.3913533333,-73.9526933333,0,231,1,'2011-04-15 17:19:16'),
 (352,'22244',41.3913483333,-73.9526983333,0,233,1,'2011-04-15 17:19:21'),
 (353,'22244',41.3913366667,-73.9527133333,0,231,1,'2011-04-15 17:19:27'),
 (354,'22244',41.3913283333,-73.9527266667,0,231,1,'2011-04-15 17:19:32'),
 (355,'22244',41.3913216667,-73.95274,0,232,1,'2011-04-15 17:19:38'),
 (356,'22244',41.3913083333,-73.9527566667,0,233,1,'2011-04-15 17:19:43'),
 (357,'22244',41.3913033333,-73.9527616667,0,235,1,'2011-04-15 17:19:50'),
 (358,'22244',41.391285,-73.9527766667,0,235,1,'2011-04-15 17:19:55'),
 (359,'22244',41.3912633333,-73.9528066667,0.4,233,1,'2011-04-15 17:20:00'),
 (360,'22244',41.3912516667,-73.9528216667,1.4,232,1,'2011-04-15 17:20:05'),
 (361,'22244',41.39124,-73.9528366667,1.9,237,1,'2011-04-15 17:20:11'),
 (362,'22244',41.391225,-73.9528516667,2.2,237,1,'2011-04-15 17:20:16'),
 (363,'22244',41.3912116667,-73.952865,2.4,233,1,'2011-04-15 17:20:22'),
 (364,'22244',41.391195,-73.952885,2.7,234,1,'2011-04-15 17:20:29'),
 (365,'22244',41.39119,-73.9528966667,2.8,234,1,'2011-04-15 17:20:34'),
 (366,'22244',41.3911766667,-73.9529116667,3,235,1,'2011-04-15 17:20:40'),
 (367,'22244',41.3911666667,-73.9529216667,3,238,1,'2011-04-15 17:20:45'),
 (368,'22244',41.3911583333,-73.9529333333,3.3,238,1,'2011-04-15 17:20:51'),
 (369,'22244',41.3911466667,-73.9529533333,3.6,234,1,'2011-04-15 17:20:57'),
 (370,'22244',41.3911316667,-73.9529716667,3.9,241,1,'2011-04-15 17:21:06'),
 (371,'22244',41.3911266667,-73.9529833333,4.2,240,1,'2011-04-15 17:21:09'),
 (372,'22244',41.39112,-73.9530016667,4.9,235,1,'2011-04-15 17:21:16'),
 (373,'22244',41.3911083333,-73.953015,4.5,237,1,'2011-04-15 17:21:21'),
 (374,'22244',41.3911,-73.9530266667,4.5,243,1,'2011-04-15 17:21:26'),
 (375,'22244',41.39109,-73.953035,4.3,238,1,'2011-04-15 17:21:31'),
 (376,'22244',41.39108,-73.95305,4.1,238,1,'2011-04-15 17:21:38'),
 (377,'22244',41.3910716667,-73.9530666667,4.7,245,1,'2011-04-15 17:21:45'),
 (378,'22244',41.3910616667,-73.9530783333,5,241,1,'2011-04-15 17:21:50'),
 (379,'22244',41.391045,-73.9530983333,5.9,244,1,'2011-04-15 17:21:57'),
 (380,'22244',41.3910416667,-73.9531216667,6.5,246,1,'2011-04-15 17:22:04'),
 (381,'22244',41.3910316667,-73.95314,6.8,246,1,'2011-04-15 17:22:10'),
 (382,'22244',41.3910266667,-73.95315,7.2,247,1,'2011-04-15 17:22:17'),
 (383,'22244',41.391015,-73.953165,7.6,252,1,'2011-04-15 17:22:21'),
 (384,'22244',41.3910033333,-73.9531866667,8,247,1,'2011-04-15 17:22:29'),
 (385,'22244',41.391,-73.9532016667,8.6,253,1,'2011-04-15 17:22:33'),
 (386,'22244',41.390995,-73.953215,9,255,1,'2011-04-15 17:22:38'),
 (387,'22244',41.39099,-73.95323,9.3,255,1,'2011-04-15 17:22:43'),
 (388,'22244',41.390985,-73.9532416667,9.5,253,1,'2011-04-15 17:22:48'),
 (389,'22244',41.3909783333,-73.9532583333,9.6,253,1,'2011-04-15 17:22:56'),
 (390,'22240',41.3910066667,-73.9525116667,0.9,296,1,'2011-04-21 16:29:00'),
 (391,'22240',41.3910066667,-73.9525116667,0.9,296,1,'2011-04-21 16:29:08'),
 (392,'22245',12.124,14.523,543,222,1,'2011-04-21 16:30:18'),
 (393,'22240',41.39110278,-73.95270278,0.9,296,1,'2011-04-21 18:04:57'),
 (394,'22242',41.39055278,-73.95296944,3.8,154,1,'2011-04-21 18:05:45'),
 (395,'22242',41.39055278,-73.95296944,3.8,154,1,'2011-04-21 18:46:01'),
 (396,'22240',41.391103,-73.95271,0.9,296,1,'2011-04-21 18:51:25'),
 (397,'22240',41.391103,-73.95271,0.9,296,1,'2011-04-21 18:51:57'),
 (398,'22240',41.39115,-73.95278,0.9,296,1,'2011-04-21 18:53:54'),
 (399,'22245',41.3912,-73.9528,543,222,1,'2011-04-21 20:54:30');
/*!40000 ALTER TABLE `robotstate` ENABLE KEYS */;


--
-- Definition of table `robottypelookup`
--

DROP TABLE IF EXISTS `robottypelookup`;
CREATE TABLE `robottypelookup` (
  `typeID` int(10) unsigned NOT NULL AUTO_INCREMENT,
  `type` varchar(30) NOT NULL,
  PRIMARY KEY (`typeID`)
) ENGINE=InnoDB AUTO_INCREMENT=4 DEFAULT CHARSET=latin1;

--
-- Dumping data for table `robottypelookup`
--

/*!40000 ALTER TABLE `robottypelookup` DISABLE KEYS */;
INSERT INTO `robottypelookup` (`typeID`,`type`) VALUES 
 (1,'LandBot'),
 (2,'AirBot'),
 (3,'SeaBot');
/*!40000 ALTER TABLE `robottypelookup` ENABLE KEYS */;


--
-- Definition of table `targetlocations`
--

DROP TABLE IF EXISTS `targetlocations`;
CREATE TABLE `targetlocations` (
  `ID` int(10) unsigned NOT NULL AUTO_INCREMENT,
  `latitude` double NOT NULL,
  `longitude` double NOT NULL,
  `timeUpdated` timestamp NOT NULL DEFAULT CURRENT_TIMESTAMP,
  `targetID` int(10) unsigned NOT NULL,
  PRIMARY KEY (`ID`) USING BTREE,
  KEY `FK_targetlocations_1` (`targetID`),
  CONSTRAINT `FK_targetlocations_1` FOREIGN KEY (`targetID`) REFERENCES `targets` (`targetID`)
) ENGINE=InnoDB AUTO_INCREMENT=15 DEFAULT CHARSET=latin1;

--
-- Dumping data for table `targetlocations`
--

/*!40000 ALTER TABLE `targetlocations` DISABLE KEYS */;
INSERT INTO `targetlocations` (`ID`,`latitude`,`longitude`,`timeUpdated`,`targetID`) VALUES 
 (3,41.39103611,-73.95241944,'2011-04-22 11:32:24',12),
 (5,41.39110278,-73.95270278,'2011-04-22 11:32:42',12),
 (6,41.39141944,-73.95251944,'2011-04-22 11:32:52',12),
 (7,41.39169722,-73.95239167,'2011-04-22 11:32:57',12);
/*!40000 ALTER TABLE `targetlocations` ENABLE KEYS */;


--
-- Definition of table `targets`
--

DROP TABLE IF EXISTS `targets`;
CREATE TABLE `targets` (
  `targetID` int(10) unsigned NOT NULL,
  `taskedRobot` varchar(10) DEFAULT NULL,
  `timeIdentified` timestamp NOT NULL DEFAULT CURRENT_TIMESTAMP ON UPDATE CURRENT_TIMESTAMP,
  PRIMARY KEY (`targetID`),
  KEY `FK_targets_1` (`taskedRobot`),
  CONSTRAINT `FK_targets_1` FOREIGN KEY (`taskedRobot`) REFERENCES `robots` (`serialNum`)
) ENGINE=InnoDB DEFAULT CHARSET=latin1;

--
-- Dumping data for table `targets`
--

/*!40000 ALTER TABLE `targets` DISABLE KEYS */;
INSERT INTO `targets` (`targetID`,`taskedRobot`,`timeIdentified`) VALUES 
 (12,'22240','2011-04-22 11:29:09');
/*!40000 ALTER TABLE `targets` ENABLE KEYS */;




/*!40101 SET SQL_MODE=@OLD_SQL_MODE */;
/*!40014 SET FOREIGN_KEY_CHECKS=@OLD_FOREIGN_KEY_CHECKS */;
/*!40014 SET UNIQUE_CHECKS=@OLD_UNIQUE_CHECKS */;
/*!40101 SET CHARACTER_SET_CLIENT=@OLD_CHARACTER_SET_CLIENT */;
/*!40101 SET CHARACTER_SET_RESULTS=@OLD_CHARACTER_SET_RESULTS */;
/*!40101 SET COLLATION_CONNECTION=@OLD_COLLATION_CONNECTION */;
/*!40101 SET CHARACTER_SET_CLIENT=@OLD_CHARACTER_SET_CLIENT */;
